-16.759997259670335 , -3.3199990533942003 , 1.4080147903551354e-05
-16.7599968646393 , -3.319998817212901 , 1.7470356315999587e-05
-16.7599964696116 , -3.319998581037834 , 2.0861129457648678e-05
-16.75999607458579 , -3.319998344862177 , 2.4252020221586078e-05
-16.75999567956145 , -3.3199981086838797 , 2.7642897765259778e-05
-16.759995284538444 , -3.319997872502331 , 3.103372351274528e-05
-16.759994889516744 , -3.319997636317355 , 3.442448591291088e-05
-16.759994494496333 , -3.3199974001289 , 3.781518166300231e-05
-16.759994099477204 , -3.319997163936952 , 4.120580987574821e-05
-16.759993309442805 , -3.319996691542569 , 4.7986862670448406e-05
-16.75999251941354 , -3.319996219134218 , 5.476764425187708e-05
-16.75999133437928 , -3.3199955104955428 , 6.493830912710802e-05
-16.75999014935656 , -3.31999480182555 , 7.510836645181003e-05
-16.75998975435155 , -3.31999456559527 , 7.849825086905069e-05
-16.759988964345386 , -3.3199940931243033 , 8.527781807891248e-05
-16.759988174344343 , -3.3199936206394773 , 9.205711684577466e-05
-16.75998698935241 , -3.3199929118862936 , 0.00010222556272940232
-16.759985804372004 , -3.319992203102037 , 0.00011239340765087751
-16.7599854093811 , -3.3199919668337246 , 0.00011578255604205552
-16.75998501439147 , -3.3199917305619686 , 0.00011917163793309336
-16.75998422441605 , -3.3199912580081374 , 0.00012594960237783507
-16.759982644480573 , -3.319990312859271 , 0.00013950473566463886
-16.759981459542395 , -3.319989603961641 , 0.00014967039171912732
-16.75998106456556 , -3.3199893676555905 , 0.0001530588118877504
-16.759980669590007 , -3.319989131346124 , 0.00015644716623487958
-16.75997987964272 , -3.3199886587169525 , 0.00016322367764073638
-16.75997869473139 , -3.319987949747634 , 0.0001733879527760572
-16.759977509831547 , -3.319987240747701 , 0.00018355163906880664
-16.7599767199047 , -3.3199867680641026 , 0.00019032710356745692
-16.759976324943196 , -3.319986531717218 , 0.0001937147381227218
-16.759975929982968 , -3.319986295366946 , 0.0001971023075768536
-16.759975535024015 , -3.3199860590132886 , 0.0002004898119944602
-16.75997474510993 , -3.3199855862958283 , 0.0002072646262291345
-16.75997395520095 , -3.3199851135648566 , 0.00021403918121312942
-16.759973560248373 , -3.31998487719431 , 0.0002174263617203568
-16.759972770347037 , -3.319984404443108 , 0.00022420052868613193
-16.759971980450803 , -3.319983931678441 , 0.00023097443778651215
-16.75997119055966 , -3.31998345890033 , 0.00023774808932142875
-16.759970005732512 , -3.3199827497079935 , 0.0002479080848782655
-16.759969215854106 , -3.3199822768963507 , 0.00025468109480794425
-16.759968820916807 , -3.319982040485511 , 0.0002580675038543336
-16.75996842598079 , -3.3199818040713294 , 0.0002614538490248263
-16.759967636112563 , -3.3199813312329476 , 0.0002682263479307329
-16.75996684624943 , -3.319980858381222 , 0.0002749985921413584
-16.759966056391356 , -3.3199803855169248 , 0.0002817705963408861
-16.759964871613654 , -3.3199796761987765 , 0.00029192820302032825
-16.759963686847232 , -3.3199789668545723 , 0.00030208533248809246
-16.759962897009203 , -3.319978493943987 , 0.00030885648758306587
-16.75996250209207 , -3.3199782574843644 , 0.0003122419858737612
-16.759962107176175 , -3.319978021021858 , 0.00031562743144273957
-16.75996171226154 , -3.3199777845564693 , 0.0003190128243629078
-16.759960527525145 , -3.3199770751430298 , 0.0003291686872629022
-16.75995934280003 , -3.3199763657037153 , 0.0003393240777010869
-16.759958158086164 , -3.319975656238574 , 0.0003494789970528626
-16.759957368283168 , -3.31997518324749 , 0.00035624868206418213
-16.75995657848518 , -3.3199747102449626 , 0.00036301815871734005
-16.759955788692196 , -3.3199742372310066 , 0.000369787427266977
-16.75995460401208 , -3.319973527688677 , 0.0003799409407829588
-16.75995420912121 , -3.3199732911688686 , 0.00038332534164755
-16.75995381423159 , -3.319973054646212 , 0.0003867096907926241
-16.759953024456088 , -3.3199725815923693 , 0.0003934782340332334
-16.759952234685578 , -3.3199721085271614 , 0.0004002465710244641
-16.75995144492006 , -3.3199716354506026 , 0.0004070147020002406
-16.759950260281148 , -3.319970925814512 , 0.0004171665132397801
-16.759949075653445 , -3.3199702161529627 , 0.00042731786308992156
-16.75994868078005 , -3.319969979593463 , 0.0004307015440535015
-16.759948285907893 , -3.3199697430311415 , 0.00043408517392282624
-16.75994749616733 , -3.3199692698980394 , 0.0004408522808149443
-16.759946706431748 , -3.319968796753668 , 0.0004476191840601868
-16.759945916701156 , -3.3199683235980446 , 0.00045438588394358876
-16.759945126975545 , -3.3199678504311825 , 0.0004611523808486778
-16.759944337254925 , -3.3199673772530938 , 0.0004679186751325377
-16.759943152683345 , -3.3199666674649433 , 0.00047806773770009864
-16.75994236297517 , -3.3199661942588503 , 0.0004848335272305858
-16.759941968122952 , -3.3199659576516116 , 0.00048821634648663607
-16.75994157327198 , -3.3199657210415796 , 0.0004915991154796975
-16.759941178422256 , -3.3199654844287565 , 0.0004949818342204219
-16.759940388726534 , -3.319965011194745 , 0.0005017471211993105
-16.759939599035786 , -3.319964537949589 , 0.0005085122078211776
-16.759938414509005 , -3.319963828060991 , 0.0005186594629082495
-16.759937229993415 , -3.319963118147399 , 0.0005288062698784814
-16.759936045489017 , -3.3199624082087893 , 0.0005389526307812895
-16.75993486099578 , -3.31996169824519 , 0.0005490985470064975
-16.759934466167184 , -3.3199614615851103 , 0.0005524804204626988
-16.759934071339835 , -3.319961224922261 , 0.000555862244699286
-16.759932886865236 , -3.319960514917111 , 0.000566007422306797
-16.75136606602775 , -3.31996686625597 , 0.00010163576170387372
-16.742865490098936 , -3.3199711602818227 , -0.00010929437521931444
-16.732511207334127 , -3.3199667239928776 , 0.00031249974459887067
-16.710992370200103 , -3.319882185997316 , 0.007100336780141692
-16.678011828137773 , -3.3193486404781414 , 0.024692687395208968
-16.645022169780948 , -3.3179539211052953 , 0.04725058934134392
-16.62400015816584 , -3.3167760749026103 , 0.06079393081845613
-16.613544504661274 , -3.316126872282044 , 0.06702522127464496
-16.60297061525201 , -3.3153543910959034 , 0.07369093086236629
-16.592182492282525 , -3.31455714924301 , 0.0797001512852792
-16.570988497922947 , -3.3127152655554086 , 0.09055155248493617
-16.538990252382185 , -3.3094332780943767 , 0.1060322400833116
-16.506388308529825 , -3.305620555038848 , 0.12221383599728036
-16.495480999443064 , -3.30420522484128 , 0.12802964095697278
-16.473636652724213 , -3.3011229949918337 , 0.1410702273463097
-16.441252286529977 , -3.2960389067309346 , 0.16240703451444488
-16.409010718476257 , -3.290371382440626 , 0.1812366856018854
-16.398297044362334 , -3.288392385902759 , 0.1863208851486979
-16.387964918500547 , -3.286408897177909 , 0.19043369211613662
-16.356816899337215 , -3.280144956894494 , 0.20445968430764017
-16.335399959059025 , -3.2755606748483848 , 0.21421851841794617
-16.32465152035166 , -3.273181411488254 , 0.21966153475435896
-16.313965900191427 , -3.2707466165097876 , 0.2259250939172467
-16.292579688018947 , -3.2656292318201507 , 0.2378483526624156
-16.27129877863441 , -3.260324151070612 , 0.24888302263778386
-16.250107264810065 , -3.2547557642203233 , 0.2592224094050439
-16.22893138514693 , -3.248995029286648 , 0.27020301668588337
-16.197255959915736 , -3.2397879914775634 , 0.28741041624802993
-16.17608022564799 , -3.2333288516071557 , 0.2982994767013501
-16.165572686246186 , -3.230024395107932 , 0.3038540391309462
-16.155094097348236 , -3.226673197876391 , 0.309271556006527
-16.144647536831897 , -3.2232935111803833 , 0.3144207825258282
-16.12385181973365 , -3.216372793372699 , 0.32595800728599456
-16.10318158523688 , -3.2092919824860826 , 0.33729437781073257
-16.07219404757178 , -3.1981098170361943 , 0.3525016209674925
-16.04122627546863 , -3.1864018042993214 , 0.3668142922991136
-16.010626589471183 , -3.1743446733253844 , 0.3817788364860236
-15.990297138961383 , -3.16605804502234 , 0.3905495006807033
-15.98012794507443 , -3.1618464059915725 , 0.3946551817345547
-15.969978084738257 , -3.1575653874971863 , 0.3992707912537641
-15.949860909031857 , -3.1489640414253244 , 0.40794395647536325
-15.93043037366233 , -3.140465689272248 , 0.4152887344825706
-15.910336850177229 , -3.1314827973710737 , 0.42366183621821124
-15.881409014616857 , -3.1182230091261083 , 0.43577035137619863
-15.862489540600178 , -3.1093052731565667 , 0.4444138495523172
-15.852961257347541 , -3.1046988754541838 , 0.44896773398858847
-15.843079998399244 , -3.09989917781432 , 0.4535314945220597
-15.823851488487573 , -3.0904214641731547 , 0.4606184838493072
-15.80499613883988 , -3.080980108474541 , 0.46773031169340634
-15.775692984161727 , -3.0659109039604155 , 0.47985695103734866
-15.74649945179218 , -3.05045116998161 , 0.4924855481782587
-15.73681876980375 , -3.0452353729520896 , 0.4952020847383122
-15.717487749052063 , -3.0347233962747264 , 0.5005985047993553
-15.698231051843415 , -3.024085269177863 , 0.5064638520423392
-15.669404775701206 , -3.0079348227017855 , 0.5163031313259457
-15.650299991260278 , -2.9969910882554873 , 0.5223591907401297
-15.640789719196087 , -2.9914856845988744 , 0.5253385308884773
-15.631293911504168 , -2.9859468374479485 , 0.5283610567968436
-15.612368226930565 , -2.974810679179916 , 0.5350613385459561
-15.59349431212402 , -2.963528837676178 , 0.5427660356728011
-15.565308555182185 , -2.9463639511061124 , 0.5514895266001059
-15.537326265510798 , -2.928945022352422 , 0.5605595929113412
-15.528028567763537 , -2.9230835212332202 , 0.5637185932204183
-15.518738536803284 , -2.9171815633624223 , 0.5669272996592902
-15.509461528585012 , -2.9112454979375673 , 0.5698874486310079
-15.490970988255867 , -2.899313100470017 , 0.576441803962429
-15.463398101299886 , -2.8811980286121393 , 0.5860146952286552
-15.4542326821598 , -2.8750838789097517 , 0.5888505557801662
-15.445078706604482 , -2.8689412409927413 , 0.5916347920687328
-15.426853624981618 , -2.8566343596392025 , 0.5968183879791793
-15.408728767419822 , -2.8442223515392526 , 0.6026875177190609
-15.390644430961254 , -2.8316798715417333 , 0.6068537846220907
-15.37260751641075 , -2.819117296075567 , 0.6114175864860836
-15.345684789939227 , -2.8000557924386804 , 0.6198896292015391
-15.318892379655887 , -2.780789910652417 , 0.6258548650822091
-15.309987131179824 , -2.774332453378221 , 0.6276881702753008
-15.30108540363557 , -2.767864779844918 , 0.6291369646184746
-15.283311466384601 , -2.7548948915321945 , 0.632034899569356
-15.26558630635977 , -2.7418667521360036 , 0.6349114202175795
-15.248435432424747 , -2.7292118114469788 , 0.6373999200117161
-15.222696536907055 , -2.7100412597577037 , 0.6419998159257814
-15.205068531664018 , -2.696838317972859 , 0.644784292350954
-15.196290293293643 , -2.690218844918867 , 0.6462510294943835
-15.1875202640599 , -2.6835931192491107 , 0.6477267500232747
-15.178750468984568 , -2.6769571072596885 , 0.6490253671305444
-15.152485015311248 , -2.6569546777596984 , 0.6533441787795875
-15.135030412910101 , -2.643561431157849 , 0.6550788610203832
-15.126307314420863 , -2.636859447311503 , 0.6550812176210955
-15.117584041659521 , -2.630157516690662 , 0.6550852432516527
-15.100214252379285 , -2.6168136308375507 , 0.6550960762275275
-15.075425829973364 , -2.5977062337245536 , 0.6588139319200575
-15.059469075850508 , -2.5853528753595527 , 0.658874000338982
-15.042065996119277 , -2.5719117493106634 , 0.6559446895287753
-15.02462104304313 , -2.5585136543691895 , 0.6535314909925921
-14.998395721376967 , -2.5385000935045863 , 0.6496722451596914
-14.980850649800301 , -2.5252301782967237 , 0.646918530294329
-14.972073745120458 , -2.518605721588401 , 0.645726425207672
-14.96329064871972 , -2.512002148502713 , 0.6445159304523829
-14.954494720007707 , -2.5053957300989786 , 0.6432373671721838
-14.936881180605953 , -2.49223694804303 , 0.6406322242999124
-14.919234242657208 , -2.4790894129354744 , 0.6382652784653583
-14.892809340920653 , -2.4595625600036444 , 0.6346930907667545
-14.867465613392461 , -2.4409813248470247 , 0.6309286340966788
-14.851080481318894 , -2.4290349094423838 , 0.6284135693941226
-14.843032844192514 , -2.4231855934461572 , 0.6270834969896362
-14.835086241008696 , -2.4174265017401733 , 0.6260570093983896
-14.819800529729154 , -2.406407105844464 , 0.623676915829784
-14.812152086520644 , -2.4009160673975964 , 0.6224027817094834
-14.804496776899523 , -2.395422861654414 , 0.6212317683312703
-14.78158952487774 , -2.3790756424288797 , 0.6173513327743955
-14.767070345877155 , -2.3688027071213225 , 0.6150296639906188
-14.75980549506741 , -2.3636763720244125 , 0.6137855722687556
-14.752528432954747 , -2.3585649842826877 , 0.6123155997291928
-14.745340608008009 , -2.35351650740087 , 0.610976797135242
-14.731618266084432 , -2.3439415807432655 , 0.6085894982791978
-14.717884285274975 , -2.3343888713355865 , 0.6063956691183651
-14.698206580051862 , -2.320772238454389 , 0.6025857878221006
-14.678923260840822 , -2.307566398760021 , 0.5988812919716032
-14.666836230593859 , -2.299334557548072 , 0.5965853841736528
-14.66078529034042 , -2.295223024763849 , 0.59535587292771
-14.654730285578646 , -2.2911235171446513 , 0.5941608151750267
-14.648673366490435 , -2.2870425548012276 , 0.5929161199820034
-14.630991330784454 , -2.275174453140101 , 0.5895954570701879
-14.619703909796419 , -2.2676433225039174 , 0.5872393025667696
-14.614049379362024 , -2.263882758797973 , 0.586152631462897
-14.608480788395534 , -2.260183646243757 , 0.5848615181991474
-14.598029280012444 , -2.253264748521101 , 0.5804316234218219
-14.582314940121247 , -2.243007524284388 , 0.576195004545816
-14.566654551569549 , -2.2328740288905693 , 0.5723020794398421
-14.56182747617504 , -2.2297636465008264 , 0.5705572288851476
-14.557001857731779 , -2.2266831431231964 , 0.5676929422064906
-14.542490650927649 , -2.2174671064641718 , 0.5644115784953831
-14.533338035141565 , -2.2116793873434273 , 0.5610279647100354
-14.528909848430597 , -2.2089133749518783 , 0.5584603982874463
-14.524594027017642 , -2.2061797890273884 , 0.5558665771821927
-14.520601440490399 , -2.2037017432687156 , 0.5551478178155088
-14.508077502629273 , -2.195938932649688 , 0.5538614416900554
-14.49477762062445 , -2.1877548593413 , 0.5499830579781309
-14.486437794911485 , -2.182656085110085 , 0.5488658777493394
-14.482441256315065 , -2.180211988472622 , 0.5488693956452393
-14.478441805141514 , -2.17776895742314 , 0.5484447818354065
-14.470451322116379 , -2.1728992033050907 , 0.5463349909234594
-14.462441849057004 , -2.1680288965844796 , 0.5463710135281287
-14.454942620309184 , -2.1634508742907412 , 0.544899643835701
-14.444260936803365 , -2.157005178063943 , 0.5425462312316902
-14.4371449882344 , -2.152714160597765 , 0.5411831494225845
-14.433584619299094 , -2.1505733678128007 , 0.5401567243697343
-14.430013622756604 , -2.148432970324915 , 0.5400349027077184
-14.426443265547952 , -2.1462932745646635 , 0.5400326951130424
-14.419304567181966 , -2.1420139394921924 , 0.5400761626728661
-14.40963944375632 , -2.1362197499220668 , 0.540086177435469
-14.400290749685299 , -2.130617012484313 , 0.5396772612321159
-14.390941871024273 , -2.1250350381695493 , 0.5355966634159396
-14.387818847320442 , -2.1231869568115216 , 0.534643848155773
-14.38469134681486 , -2.12133682946727 , 0.5346740978057967
-14.375410694552203 , -2.1158430368211523 , 0.5346852164798286
-14.367394848495174 , -2.111095422469048 , 0.5343220376853145
-14.364726772333588 , -2.109522531619541 , 0.5330400133276143
-14.359383952536968 , -2.106367086450134 , 0.5307565501075528
-14.354027008722634 , -2.10322265416561 , 0.5306032440115911
-14.345988531569091 , -2.0985060691352984 , 0.5306124871868158
-14.338085729378719 , -2.093869721394486 , 0.5306384347095074
-14.333635238434548 , -2.091258321112084 , 0.530647238000718
-14.331410577212797 , -2.08995291554336 , 0.5306479377310279
-14.329189675214202 , -2.0886462922261506 , 0.5303131935392736
-14.326964724590017 , -2.087346424187372 , 0.5291520581163809
-14.32251027268292 , -2.0847455946340663 , 0.5276111599194817
-14.318047355285342 , -2.0821453193180677 , 0.5275507477693422
-14.311360370108613 , -2.0782500977221496 , 0.5275386444799293
-14.309131634680746 , -2.0769515969843413 , 0.5275390209205058
-14.307029184680324 , -2.075727667916727 , 0.5275594400976854
-14.305253270779017 , -2.0746928703266776 , 0.5275941673611815
-14.29993156147416 , -2.0715919076108893 , 0.527596160060302
-14.294609888938394 , -2.068490933981961 , 0.5275995682326398
-14.28203340373005 , -2.061169967331494 , 0.526618249650036
-14.273784713005924 , -2.0563808862197495 , 0.5265050301654963
-14.264918214386412 , -2.0512278249210163 , 0.5292810994284531
-14.256181535337726 , -2.046134074148493 , 0.5339296683983775
-14.229312530282256 , -2.0298214290675043 , 0.5543027928787743
-14.20171474373516 , -2.0123253712589633 , 0.5775500474833836
-14.174512488464812 , -1.9941890596679117 , 0.6021280776733829
-14.14788871875984 , -1.975446498328342 , 0.6245522778100109
-14.122129342649254 , -1.9565657416937465 , 0.6473175177750076
-14.113587440002455 , -1.9500980493998057 , 0.6546770373078034
-14.105063183284646 , -1.9435955135927865 , 0.6621601998062868
-14.088335017856277 , -1.9305013736695078 , 0.6768293852025228
-14.071536174992943 , -1.9168052998562801 , 0.690432741209607
-14.054895877121913 , -1.9029550431313065 , 0.7052094320895678
-14.038596157051954 , -1.889083811249729 , 0.7208025731530796
-14.022477432814325 , -1.8747878163471623 , 0.7372493028200796
-13.998714300381419 , -1.8528191504737412 , 0.7600469796274437
-13.975310778789567 , -1.8303047273265232 , 0.7840568683709279
-13.952859438530732 , -1.8074986306779193 , 0.8073482767564736
-13.938372247991339 , -1.7923246726781472 , 0.8227364417640298
-13.931300588554214 , -1.7846669188310815 , 0.8310764957240551
-13.924190854300658 , -1.7768413790665745 , 0.8393600786365619
-13.917046124868184 , -1.7689288579159528 , 0.8473478147381543
-13.903087867655056 , -1.7530147544512267 , 0.8621867515436669
-13.889344304887944 , -1.7369444939750103 , 0.878834173909789
-13.875764480495201 , -1.7203990180866282 , 0.8951672623314333
-13.862514335573534 , -1.7038162013913967 , 0.9120405385734762
-13.849911516699905 , -1.6874432573532427 , 0.9288725125876692
-13.837514742071889 , -1.6706224820264473 , 0.9457765842398058
-13.825092456794176 , -1.653287237532275 , 0.961890558380649
-13.806975950016188 , -1.6267696836237395 , 0.9854723449545425
-13.789527443737889 , -1.5998303395935525 , 1.0080514155829312
-13.77836302577344 , -1.581742803240917 , 1.0233418364234166
-13.772764125125947 , -1.572451228723105 , 1.03186844409111
-13.767198681419396 , -1.563113343934646 , 1.0403948184777387
-13.756594860727203 , -1.5447859522115273 , 1.056199372049151
-13.746290688116462 , -1.526147085630763 , 1.0726591135190573
-13.74115081606644 , -1.5166404317874222 , 1.0813651603208443
-13.731264692399803 , -1.4975416775831574 , 1.100064535248246
-13.717225117334536 , -1.4683943704342326 , 1.1311328795617743
-13.708387541253602 , -1.448632359987383 , 1.1536802723057367
-13.704138313321412 , -1.4386902592521789 , 1.1648622059115095
-13.69998715012037 , -1.4285556200151708 , 1.1759200472368616
-13.691908177187084 , -1.4081525693571613 , 1.1979650316182915
-13.681180117710936 , -1.3783157130118 , 1.2323572767177224
-13.671452026166314 , -1.3475242073061855 , 1.269761092176485
-13.665552549244145 , -1.3265340435187607 , 1.2951570984930565
-13.662797115012781 , -1.3160011433766232 , 1.3079090655150356
-13.66022307110145 , -1.3054683220347931 , 1.320453333063409
-13.65549037635097 , -1.2847366109994698 , 1.3455176186277418
-13.649327302364075 , -1.2555777307848532 , 1.3763875175357683
-13.644530278638365 , -1.2276193301725347 , 1.4062643084795143
-13.64304211204489 , -1.2182633705181902 , 1.4164407449464762
-13.641700212028955 , -1.2089456324405226 , 1.426550713494702
-13.638382840098492 , -1.1810686795604588 , 1.4571430900807953
-13.636862075725855 , -1.162857327422678 , 1.4801685064566281
-13.63630439353351 , -1.1538037485301973 , 1.4932206030582877
-13.635793490135754 , -1.1449112353766784 , 1.50608281621745
-13.635343725066104 , -1.1364031401817092 , 1.5174856552122964
-13.634836227355867 , -1.1113645071703986 , 1.553443197873771
-13.635046420620101 , -1.0947530525678497 , 1.578152422621534
-13.63533810747051 , -1.0864377903963343 , 1.5909442716316229
-13.63571347396396 , -1.078126207677624 , 1.6042564826845882
-13.636651117138499 , -1.0622086409659 , 1.6283445965982608
-13.637781081798915 , -1.0467489346355923 , 1.6500291773882116
-13.63950994377766 , -1.0310714419498905 , 1.672432941016942
-13.643461651225985 , -1.0006788090249508 , 1.7136226757387116
-13.645822364806083 , -0.9858358191727373 , 1.7337262126714665
-13.647089127980921 , -0.9785030073580623 , 1.7439094363809453
-13.648427465665872 , -0.9712092970269364 , 1.753490315251657
-13.649843679908608 , -0.9640002102308113 , 1.7626252950190981
-13.65441916112663 , -0.9425116894445866 , 1.7886772241536462
-13.657559129516601 , -0.9288801376795217 , 1.8046835923806317
-13.659266800442714 , -0.9221216059647349 , 1.8123910581777176
-13.661003394377065 , -0.9154095580621756 , 1.8211434846826782
-13.664717498769425 , -0.9021037912887154 , 1.8407347656884048
-13.670498684225985 , -0.8827044894512092 , 1.868975932814685
-13.674552090462205 , -0.8702969890881456 , 1.885422810013071
-13.676613055181116 , -0.8642062141722325 , 1.8935160341980874
-13.678757713333008 , -0.858103259721986 , 1.9017511304649837
-13.68095644576558 , -0.8520061194874152 , 1.9100649391285176
-13.685063014113824 , -0.8405923903217462 , 1.9246825557885665
-13.688851043063949 , -0.8305500721326405 , 1.9371963490326543
-13.692733073947576 , -0.8207630995201696 , 1.950315691648911
-13.6986670913718 , -0.8063388275345458 , 1.9728947093327218
-13.70080606298152 , -0.8015149673396326 , 1.9820058032495784
-13.702951822807151 , -0.7967272151519894 , 1.9907451979201978
-13.709331730657727 , -0.7829427707340592 , 2.0142738519647163
-13.713902363174743 , -0.7736617115802631 , 2.0294664105836135
-13.716137668406096 , -0.7691809023694534 , 2.036239604968553
-13.718289006572444 , -0.764930032505781 , 2.042841336044043
-13.72255852737657 , -0.756759003722148 , 2.0570100500650335
-13.726962136608305 , -0.7486161469256516 , 2.0724654619288922
-13.731670241787006 , -0.7402541658938151 , 2.0887565560629557
-13.738344144329876 , -0.7286721330619792 , 2.112330468985497
-13.74267062883653 , -0.7216077232638892 , 2.1273052766494716
-13.744782642648541 , -0.7181734876023493 , 2.1342360776202063
-13.746947702686194 , -0.714732711303277 , 2.14133688485898
-13.751446809835874 , -0.7077562744863418 , 2.1562751786792513
-13.756012570476882 , -0.7009163423425553 , 2.1715058492093187
-13.762642525607644 , -0.6912456235649446 , 2.195366073730343
-13.768992552931746 , -0.6824933122511033 , 2.218750637909189
-13.773299099685717 , -0.6769013618192927 , 2.2328384924007985
-13.775530643356841 , -0.6740669783092424 , 2.239379777599778
-13.777730630088943 , -0.6712489816323911 , 2.246406525057012
-13.784341905649173 , -0.6630435130043897 , 2.2689067392166224
-13.788780077894126 , -0.6576904212592284 , 2.2839477433057747
-13.790731163895359 , -0.6554250998125143 , 2.292020598727502
-13.792488635226427 , -0.6533219511696666 , 2.2996214563163564
-13.795813700569921 , -0.6495192923500578 , 2.314037295100453
-13.800827059364195 , -0.6440553013503988 , 2.3362154830823356
-13.804957271544161 , -0.6397866295080427 , 2.351991482151706
-13.806947193458685 , -0.6376755042318367 , 2.3598384974792768
-13.809039649223001 , -0.6355637966795242 , 2.3688577394899677
-13.813462054383917 , -0.6313343474961658 , 2.387913473377362
-13.817662202084815 , -0.6273250638681666 , 2.4064327532457326
-13.823416643040837 , -0.6222384128983203 , 2.4341914803864846
-13.827515383999234 , -0.6187564533727711 , 2.4502522432861085
-13.8293232165489 , -0.6172169446781234 , 2.4573283242635076
-13.831040031832588 , -0.6157769913136308 , 2.463711803501716
-13.83266652485531 , -0.6144004476451129 , 2.4702634190592776
-13.835897704513398 , -0.6118296952763297 , 2.4840898875679005
-13.841136399624377 , -0.6078270935084227 , 2.5053801932798514
-13.846164469927528 , -0.6041434658997666 , 2.528134591620127
-13.847731031468875 , -0.603022575202598 , 2.5354752837560075
-13.852040417063163 , -0.600067675185379 , 2.5566809460625914
-13.855659021857328 , -0.5976703585630194 , 2.574824854014657
-13.856861056769189 , -0.5969463308937236 , 2.5811289482600266
-13.859185281519798 , -0.5955368972504639 , 2.5936715921483486
-13.861674502360284 , -0.5940279355408452 , 2.6056573263900566
-13.864189825739542 , -0.5925900326151161 , 2.6179725137991565
-13.866570624255374 , -0.5912833020282268 , 2.6304836960379676
-13.870192705743202 , -0.5893870189309411 , 2.649657121765988
-13.872890936168936 , -0.5880030435425218 , 2.6618557327130477
-13.87423846958044 , -0.5873187161991648 , 2.6678836021869676
-13.875537541103823 , -0.5866415059844884 , 2.674067673898335
-13.878118561624168 , -0.5854211029413451 , 2.68795644809445
-13.88068048246155 , -0.5842343343517062 , 2.7010805523416317
-13.88323859792244 , -0.5830875781103183 , 2.714938041850025
-13.885895411204059 , -0.5819708945162627 , 2.7294438369022878
-13.88986903494624 , -0.580389007739504 , 2.751596344718887
-13.893213395453497 , -0.5791247681980712 , 2.7714161137754183
-13.894154703413289 , -0.5787733755278996 , 2.778627060944243
-13.895943761533838 , -0.5781414014852488 , 2.792591619629174
-13.897617722696689 , -0.5775362945417939 , 2.806071167398559
-13.899975532524612 , -0.5767606033947811 , 2.8265876621129733
-13.902588240888464 , -0.5760551006839085 , 2.8504887092986215
-13.9042334632594 , -0.5756511457733783 , 2.8664588575285257
-13.90494584624855 , -0.5754545293876132 , 2.8743909786853097
-13.905681453629315 , -0.575286688575597 , 2.882255546494282
-13.907362058264853 , -0.5750463465010117 , 2.8995837034898853
-13.9082621134089 , -0.5748961072932403 , 2.9082442419381884
-13.90912703174034 , -0.574759658179831 , 2.9167167357123533
-13.909992068145574 , -0.5746005970990757 , 2.9249771836079432
-13.912687909277052 , -0.5743119695219381 , 2.951182277712067
-13.914610977326 , -0.5741466320669387 , 2.969403327087368
-13.915553872456671 , -0.5740153079144713 , 2.9777932147721606
-13.91644426920942 , -0.5738114253016666 , 2.9859704010800163
-13.918350605496201 , -0.5736949562082454 , 3.0023944264301656
-13.92011181764141 , -0.573542022269512 , 3.0122763782827375
-13.923050973115306 , -0.5731448756557131 , 3.0047587962636495
-13.924956760727978 , -0.5728790830877009 , 2.997175836928415
-13.925990265265924 , -0.5727164841245554 , 2.993650421759029
-13.92697287341162 , -0.5725623432925515 , 2.989906173007614
-13.928961130364952 , -0.5722603050736755 , 2.9820675409378263
-13.930913186733473 , -0.5719358089874643 , 2.9738019241442886
-13.932884211787709 , -0.5715980026308609 , 2.965750971057114
-13.93404529823309 , -0.5714222868112 , 2.961347982855844
-13.934128410074566 , -0.5713967286534533 , 2.964871156467279
-13.934101874615529 , -0.5714132890863549 , 2.9715927131309265
-13.934062476226527 , -0.5714359823254798 , 2.9798814913331713
-13.934059932325253 , -0.5714497630754607 , 2.983167931944129
-13.934052916118274 , -0.5714692545726593 , 2.986768756763275
-13.935110823439054 , -0.5713192856743208 , 2.989411742409557
-13.937086494512874 , -0.5710422182509486 , 2.984957370160562
-13.93710696504378 , -0.5710520372581481 , 2.986586591751343
-13.937120046091426 , -0.5710578853246623 , 2.9889742939549593
-13.937297286955646 , -0.5710391408862744 , 2.9929585884377556
-13.939117577078292 , -0.5707554385947736 , 2.9892031423775998
-13.941851818128812 , -0.570347153301907 , 2.981438727393133
-13.942510064010342 , -0.5702430324981697 , 2.985328591220497
-13.944538951210731 , -0.5699991684137724 , 3.001171154814966
-13.945463226276194 , -0.569918125921518 , 3.007459824027924
-13.946398985286947 , -0.5698023464230094 , 3.013405319526278
-13.947424342383162 , -0.5697192333805586 , 3.0192808514249356
-13.950325332597565 , -0.5694713549121532 , 3.0360020097854035
-13.952185330392814 , -0.5693337267821649 , 3.048214918955727
-13.953101699818644 , -0.5692815059616874 , 3.0539402994685645
-13.95405447556257 , -0.569257732629662 , 3.0597982838743056
-13.95596072962714 , -0.5692039721062961 , 3.0710196097347415
-13.956898559745543 , -0.5691492103027082 , 3.075954442876173
-13.9579126413292 , -0.5691392999410161 , 3.081056842747158
-13.960995644978214 , -0.5690645854991243 , 3.098251384000448
-13.96283069430829 , -0.5691747060549387 , 3.1108970789483714
-13.963751298660526 , -0.5692362706842204 , 3.1177639448066157
-13.964740173470542 , -0.5692750532108103 , 3.125000133529614
-13.965709244547442 , -0.5693263480072882 , 3.1321837551049607
-13.971536666311462 , -0.5695199708062166 , -3.132553542819985
-13.980211419478124 , -0.5696122734515983 , -3.114280558848535
-13.983901226911787 , -0.5697173323909145 , -3.106277508549902
-13.987572683513196 , -0.5698901764063524 , -3.09897649971831
-13.991222182361238 , -0.5701138781735118 , -3.092146038476516
-14.001980220365434 , -0.570931554305884 , -3.0724738741527373
-14.010878062115905 , -0.5716773498525858 , -3.054730096648057
-14.013477378520806 , -0.5719104584354374 , -3.048188842823548
-14.018496295362878 , -0.5724507862496012 , -3.0353307071582933
-14.02346502376266 , -0.5730479676247341 , -3.0198564513173665
-14.028746819811342 , -0.5738916907321937 , -3.003376083102322
-14.032682343265506 , -0.5744891822836699 , -2.9943299431737707
-14.034266844370373 , -0.5747479234960928 , -2.990906894831889
-14.035700188507887 , -0.5749611724511138 , -2.9874363805151876
-14.037801038305528 , -0.5753067829412006 , -2.9834975630464724
-14.040784424004258 , -0.5758160835064624 , -2.9781865332672326
-14.041246953888031 , -0.5757943913215063 , -2.971048302265827
-14.041038331452928 , -0.5757828722274139 , -2.965062057859909
-14.041040463206823 , -0.5758095454775842 , -2.960300281920895
-14.041055466452878 , -0.5758191863897583 , -2.958109196567192
-14.041071216296523 , -0.5758255519196629 , -2.9558808007548882
-14.041074555517069 , -0.5758239865687395 , -2.95132848611756
-14.041087134441964 , -0.5758380736346715 , -2.946525512471867
-14.041076733310103 , -0.5758441530629308 , -2.94145613684733
-14.041098014865314 , -0.5758734940935933 , -2.9370893644729295
-14.041116962695183 , -0.5759074198896847 , -2.9302515059055008
-14.041115445048835 , -0.575917755250432 , -2.9252521238129496
-14.041123115031013 , -0.5759171199759949 , -2.9227264421348655
-14.041133217489312 , -0.5759364779640236 , -2.920350674233284
-14.041165464519562 , -0.5759497908340402 , -2.9155506838953955
-14.04118004161858 , -0.5759673544388448 , -2.9086912180097064
-14.04119013950617 , -0.575978090307146 , -2.9038872126865987
-14.041186220826235 , -0.5759863522959765 , -2.901490364184117
-14.041196931039392 , -0.5759839747027357 , -2.899175621130143
-14.041199481206627 , -0.5759770962227259 , -2.8950771556619013
-14.041201608777959 , -0.5759960751364984 , -2.8902659924939536
-14.04121621286719 , -0.5760112329738265 , -2.8859033421494087
-14.041204313472292 , -0.5760201943758676 , -2.8810321708320155
-14.04118296665843 , -0.5760324005363845 , -2.8736010478994647
-14.04117791044167 , -0.5760388269087189 , -2.8687190316510196
-14.041189717688134 , -0.5760539274735855 , -2.866555369637089
-14.041191525261143 , -0.5760556785149827 , -2.864388966603508
-14.041190026877532 , -0.5760674695657511 , -2.8620805519456876
-14.041212209444387 , -0.5760747927159171 , -2.857955933412649
-14.041208167150623 , -0.5761119447734352 , -2.850877081117877
-14.041198764052234 , -0.5761318016094956 , -2.8465731813118063
-14.041202579008313 , -0.5761439941272236 , -2.8443246896523444
-14.041202488141378 , -0.5761525867282448 , -2.8419198963093715
-14.041193428425363 , -0.5761520993642727 , -2.8395404456473616
-14.041210174530779 , -0.5761522661617859 , -2.8310818120940917
-14.041189535350231 , -0.5761720249614312 , -2.826520779916991
-14.041177630186851 , -0.5761716067347625 , -2.8241452373235707
-14.04117752853932 , -0.5761979905971406 , -2.821788508253765
-14.0411852638299 , -0.5761917859456632 , -2.8193201210230736
-14.041180571285452 , -0.5762176523344567 , -2.812250128068877
-14.041175338350484 , -0.576215952014938 , -2.80712009195783
-14.041161814142747 , -0.5762220135987441 , -2.8048733193608633
-14.041169005893321 , -0.5762244839083683 , -2.8029069750560494
-14.041183858915012 , -0.5762271803560878 , -2.800881891143369
-14.041168144195595 , -0.5762323557540427 , -2.7959927955858386
-14.04115574952359 , -0.5762448205403032 , -2.7886767964463446
-14.0411517330208 , -0.5762561526616216 , -2.782248979896597
-14.041146781460398 , -0.5762683829420915 , -2.777284628123255
-14.041138108301684 , -0.5762667078423602 , -2.774695188410107
-14.041139189028248 , -0.576276608920748 , -2.7720835535148436
-14.041126751648461 , -0.5762912105711877 , -2.767029725931162
-14.041126283910518 , -0.5762919733722415 , -2.7645532982948837
-14.041110740942894 , -0.5763088474791056 , -2.762108545903718
-14.041101829184191 , -0.5763285994948476 , -2.7576077740859204
-14.041091598738985 , -0.5763362995847812 , -2.7531715256137623
-14.041086305165527 , -0.5763277724505795 , -2.7465471198503044
-14.041082782667027 , -0.5763458802825093 , -2.7419099687965964
-14.041052098918403 , -0.576344664379148 , -2.7371862675944554
-14.041053972551163 , -0.5763435769760473 , -2.7328315404913988
-14.041036742262458 , -0.5763471830244018 , -2.7279961344327206
-14.04103328771491 , -0.5763355473468369 , -2.722982924367401
-14.041046567230206 , -0.5763415914971428 , -2.7185442936972892
-14.04103485857832 , -0.576348849981908 , -2.713817123881304
-14.04102144549687 , -0.5763802414706368 , -2.7038316765491133
-14.041031892359094 , -0.5763742301308212 , -2.6997059140769997
-14.041027437462251 , -0.5763652477366342 , -2.697590624721132
-14.041018251436014 , -0.5763620688420033 , -2.6955340292533476
-14.04101627276197 , -0.5763579977598952 , -2.6930986529906007
-14.041009703446194 , -0.5763630390136153 , -2.6887133253905713
-14.040997193888803 , -0.5763741219782622 , -2.6833999409119103
-14.040997684653057 , -0.5763704204715213 , -2.678411163113514
-14.040989745203285 , -0.5763749516334331 , -2.671084400919778
-14.040984367631111 , -0.5763738723587756 , -2.666706309628
-14.040981773168465 , -0.5763884896944176 , -2.664388951236768
-14.040978210246243 , -0.5763901279149192 , -2.662059761153857
-14.040984998121882 , -0.5763838176463283 , -2.6577444352645196
-14.040976772168925 , -0.5763796742494921 , -2.651248726336806
-14.040951092860368 , -0.5763987129714067 , -2.646118110186751
-14.040951558121412 , -0.5764007073349429 , -2.6435532316574313
-14.04095730257157 , -0.576413493410031 , -2.640907736562954
-14.040950615268578 , -0.5764091475731148 , -2.638602046188195
-14.04094146156896 , -0.5764050162514526 , -2.632084772163575
-14.040925455858318 , -0.5763958677886563 , -2.6278415015104617
-14.040914770235117 , -0.5763978537811036 , -2.6256030393840732
-14.040906191660042 , -0.5763993684442072 , -2.623351419369934
-14.040901335831153 , -0.576396204067583 , -2.619096949240258
-14.04090413700778 , -0.5763974298906491 , -2.6145828018139636
-14.04089381654064 , -0.5763900779162558 , -2.6100768666158047
-14.040905073781044 , -0.5763926151666263 , -2.6038235946526047
-14.040879326972924 , -0.5764124095578423 , -2.5990498234309514
-14.040867814179139 , -0.5764092463145116 , -2.5967480606630766
-14.040867694215008 , -0.5764075609103056 , -2.5945492330085678
-14.040855726143848 , -0.5764042562625653 , -2.5923019555009312
-14.040836796130154 , -0.5764001352261057 , -2.587504958848356
-14.040841255717318 , -0.5763841053984118 , -2.583098500525666
-14.040832989325757 , -0.5763947674057002 , -2.5785384569587677
-14.040842819211363 , -0.5763915115153053 , -2.574109410401095
-14.04080601757314 , -0.5763687524578034 , -2.5672526722608597
-14.040776169852508 , -0.5763827921912701 , -2.5602612837588694
-14.04079096525899 , -0.5763938189356541 , -2.555624529580025
-14.040776260779671 , -0.5764189206667822 , -2.5530999455629604
-14.040766671216609 , -0.5764253411378342 , -2.5507683588462813
-14.040759499259961 , -0.576409023618647 , -2.5465840453947144
-14.040785614279804 , -0.5764280836963237 , -2.5422162907001042
-14.040787822333588 , -0.5764284740550646 , -2.537831659117529
-14.040790003762627 , -0.5764170235295261 , -2.530657529856837
-14.040809079511973 , -0.5764191326136359 , -2.526451474287551
-14.040811510621477 , -0.5764232665749643 , -2.5241617646032926
-14.040815193843828 , -0.5764107974226855 , -2.5220965679128993
-14.040823987623916 , -0.5764102362698449 , -2.5202962733937393
-14.040816090112603 , -0.5763956588772994 , -2.51616920998021
-14.040818259055584 , -0.5763775230137317 , -2.511559184774533
-14.04078776319236 , -0.5763445513063945 , -2.5049739855592468
-14.040768141514368 , -0.5763330348704564 , -2.5004677414738823
-14.040796031355116 , -0.5763214024945373 , -2.4979336432035484
-14.04077968527925 , -0.5763268724344165 , -2.495616253190682
-14.04076795636413 , -0.5763002184856284 , -2.491652401481504
-14.040730650700922 , -0.5763082572251673 , -2.487258070528868
-14.04072452901338 , -0.5763128618322683 , -2.4801547273737707
-14.040718496384958 , -0.5763025142116842 , -2.472698224911257
-14.040721660556022 , -0.5762797732818656 , -2.4662096632552486
-14.040720536152765 , -0.5762722066576144 , -2.464032494881729
-14.040737121652365 , -0.5762532886917979 , -2.4619294939487877
-14.040751900190708 , -0.57623849298257 , -2.457669017356461
-14.040767270112028 , -0.5762277365563693 , -2.4533422369361197
-14.040743228983532 , -0.5762015232028307 , -2.4469568044279613
-14.040742466232532 , -0.5761931886374679 , -2.4421419564204796
-14.040729318614282 , -0.5761819758536803 , -2.4400158453099015
-14.040723250152093 , -0.5761832395062187 , -2.437573501204933
-14.040734446413135 , -0.5761820366852635 , -2.4356721826129144
-14.040734544981731 , -0.5761846544764305 , -2.4309273615875426
-14.040715341337046 , -0.5761905325662967 , -2.426117716754033
-14.040697377616546 , -0.5761811236781306 , -2.4193826062305446
-14.040675932678196 , -0.5761636086382251 , -2.4150790112329763
-14.04064479687847 , -0.57612739010036 , -2.410999269001183
-14.040626731133656 , -0.5761005946853479 , -2.4070027288972957
-14.040611646525187 , -0.5760951366896658 , -2.402436102074692
-14.040594223778902 , -0.5760661681140568 , -2.3959104092776924
-14.040569655738366 , -0.57604354290913 , -2.3892697776120513
-14.040588137144079 , -0.5760475753756179 , -2.382495192937154
-14.040587823893327 , -0.5760404459810371 , -2.3772183367974593
-14.040567028368342 , -0.5760355042277325 , -2.372242262766391
-14.040556912708379 , -0.5760173750565964 , -2.3680196953353727
-14.040542400711479 , -0.5760169948226954 , -2.363415167881645
-14.040530645839823 , -0.5759980424383999 , -2.3588506829339124
-14.040517558955813 , -0.5759754092906133 , -2.354273208851274
-14.04049749218128 , -0.5759407008170886 , -2.3474067812479347
-14.040483754317734 , -0.5759169900200312 , -2.3428293512373215
-14.040476778357476 , -0.5759049640314716 , -2.3405407457443497
-14.040469731696778 , -0.5758928248947089 , -2.338252236389562
-14.0404554281999 , -0.5758682088694083 , -2.3336755757072534
-14.040440847598747 , -0.5758431452317445 , -2.3290995087768325
-14.040418465043032 , -0.5758047172950915 , -2.322236828166624
-14.040395478464225 , -0.5757652991274173 , -2.3153762724128417
-14.04037189338236 , -0.5757248995073311 , -2.3085183034263483
-14.040355841665656 , -0.5756974249822762 , -2.303947992047457
-14.040347718359465 , -0.5756835261259194 , -2.301663389273699
-14.040339530530227 , -0.5756695198878486 , -2.2993791784004607
-14.04032296236277 , -0.5756411871743723 , -2.2948120005682964
-14.04030613934238 , -0.5756124294361089 , -2.290246597893389
-14.040280430710414 , -0.5755684994154147 , -2.283402124025741
-14.040262975044799 , -0.575538685633074 , -2.278841753232362
-14.040254152753155 , -0.5755236210130494 , -2.276562401650844
-14.040245267769121 , -0.5755084514305483 , -2.274283628439995
-14.04023632028853 , -0.5754931770149847 , -2.272005450372227
-14.040209104659487 , -0.5754467259136296 , -2.2651746534563517
-14.040190651516056 , -0.5754152362727039 , -2.260624068056731
-14.0401813324046 , -0.5753993350474302 , -2.258349807986872
-14.040171950761469 , -0.5753833296281965 , -2.2560762558080802
-14.040162506711765 , -0.5753672199264374 , -2.2538034266197253
-14.0401338011503 , -0.5753182655223137 , -2.246989435344712
-14.040104536912573 , -0.5752683736564469 , -2.2401825145755385
-14.04009465823614 , -0.5752515347417066 , -2.23791518346578
-14.040084717637987 , -0.5752345916667158 , -2.2356486985920667
-14.040064648661359 , -0.575200392992034 , -2.231118322786839
-14.040034070573117 , -0.5751483135386888 , -2.2243294423763786
-14.03998183893142 , -0.5750594272826776 , -2.213033403148616
-14.039971201336131 , -0.5750413363995163 , -2.2107771315969353
-14.039960498250224 , -0.5750231407387683 , -2.208521868033726
-14.039938895602914 , -0.5749864344986123 , -2.204014416993184
-14.039905998704487 , -0.5749305865467379 , -2.197261117399689
-14.039894901075192 , -0.5749117598891902 , -2.1950121665726017
-14.039883737194685 , -0.5748928277272657 , -2.192764309933087
-14.039849843056006 , -0.5748353959705579 , -2.186027401938976
-14.039826908873401 , -0.574796575702211 , -2.1815417676395525
-14.039803702722354 , -0.574757328302092 , -2.17706074142372
-14.039768379529049 , -0.5746976545697315 , -2.170348020939562
-14.039744476528528 , -0.5746573343666845 , -2.1658788484878366
-14.0397324159671 , -0.5746370117866935 , -2.1636460792988634
-14.039720282402024 , -0.5746165806779976 , -2.161414533261059
-14.039708075625782 , -0.5745960409042286 , -2.159184218748116
-14.039671013789427 , -0.5745337682888457 , -2.152500744711685
-14.039633263972467 , -0.574470523733308 , -2.145828770876144
-14.039607706585707 , -0.5744278278232823 , -2.1413873563465344
-14.039594809668083 , -0.574406320050186 , -2.139168640599954
-14.039581833417342 , -0.5743847056901547 , -2.1369512617629853
-14.039568777435019 , -0.5743629847126629 , -2.134735226499245
-14.039529178144196 , -0.5742971474120078 , -2.128094880020468
-14.039502443918666 , -0.5742526753087015 , -2.123674290317927
-14.039488975910137 , -0.574230265338182 , -2.121465904014311
-14.039475440426736 , -0.5742077397029858 , -2.1192587976715345
-14.039448135991373 , -0.5741623416411487 , -2.114848449479841
-14.039420410804732 , -0.5741164704201892 , -2.1104434319416465
-14.039392245834929 , -0.574070115702911 , -2.1060438253825993
-14.039349168334235 , -0.5739997215171729 , -2.099454965161153
-14.039319987982852 , -0.5739524236350327 , -2.0950704720621727
-14.039290475641542 , -0.5739048787511183 , -2.090692448563385
-14.039260628650798 , -0.5738570888766222 , -2.0863208817300505
-14.039230444239807 , -0.5738090558795539 , -2.0819557585660338
-14.03918420482792 , -0.5737384600806638 , -2.075416685526186
-14.039147726364176 , -0.5737193819161862 , -2.068588630962101
-14.039157168101742 , -0.5737111497044554 , -2.0658878413189696
-14.039137423570232 , -0.5737086445736832 , -2.0632874878979535
-14.039144244751181 , -0.573718575576018 , -2.061142597706882
-14.039130711305761 , -0.5737042061022317 , -2.0545495045403515
-14.039118097493901 , -0.5737046509600567 , -2.050362613281126
-14.039114607918728 , -0.5737179674036246 , -2.047966340716248
-14.039110865635676 , -0.5737066570924525 , -2.0457133580236215
-14.039124476869835 , -0.5736992256056941 , -2.041561515208257
-14.039105838249931 , -0.5737163400041189 , -2.037058126440231
-14.039077629228432 , -0.5736800276497762 , -2.030878315201023
-14.039079756446297 , -0.5736695814630036 , -2.026461640736588
-14.039068525677909 , -0.5736537353022395 , -2.024565038351411
-14.039057216866913 , -0.5736381756917164 , -2.0224135478703675
-14.039058022912473 , -0.5736284688494933 , -2.020214232969298
-14.039050389875984 , -0.5736331221267613 , -2.013442153604185
-14.039043175472601 , -0.5736262943013648 , -2.0069390795900057
-14.03903075272397 , -0.5736243298479377 , -2.0000062087198236
-14.039020873722702 , -0.5736172748004699 , -1.9981016580534865
-14.039018571338826 , -0.5736253403807982 , -1.9936241668334267
-14.03901288419931 , -0.5736359085552123 , -1.988639064544042
-14.039002919751418 , -0.5736259094746333 , -1.9839632360286679
-14.038970229507731 , -0.5736169169046267 , -1.979435706719659
-14.03896483128098 , -0.5736001477502788 , -1.9750779818892088
-14.038948981259686 , -0.5735614885787522 , -1.9713813733431895
-14.038938789791896 , -0.5735522941790704 , -1.9677930304537274
-14.038927195350599 , -0.5735393101439022 , -1.9628165156693422
-14.038931696294977 , -0.5735451037916245 , -1.958185403217365
-14.038904108062594 , -0.5735344813222047 , -1.9539237310840938
-14.038898475479698 , -0.5735367642734617 , -1.9491077704837712
-14.038875497296218 , -0.5735344992961912 , -1.9448264299608553
-14.038826400652152 , -0.5735113290628694 , -1.9358655600512136
-14.038812351569264 , -0.5735084310501251 , -1.9314616258482762
-14.03878393239007 , -0.5734904141469663 , -1.9271934075301884
-14.038735704263628 , -0.5734712310527674 , -1.9208800148624265
-14.038704783333595 , -0.573456183001308 , -1.916548583552112
-14.038715074958573 , -0.5734586967248159 , -1.9141533043042727
-14.038688451006504 , -0.5734651436668905 , -1.911628585123359
-14.038670168926473 , -0.5734464503057976 , -1.9067675622541704
-14.038648779378665 , -0.5734459956590512 , -1.9023499177566068
-14.038642496908425 , -0.5734460177466477 , -1.8953351954120263
-14.038625321180549 , -0.5734382549851524 , -1.8883585598944528
-14.038592230095377 , -0.5734557158451519 , -1.8837463332536664
-14.038590628933674 , -0.5734634474119137 , -1.8815546991718766
-14.03858470027688 , -0.5734600747468839 , -1.8795853028921525
-14.038569180218877 , -0.5734697117970564 , -1.875082891284504
-14.038147202656786 , -0.5720976052236476 , -1.871984150590327
-14.036372111934899 , -0.566380551095211 , -1.871792102352084
-14.035747618491808 , -0.5643371936952353 , -1.8714206528386321
-14.035733468391653 , -0.5642923404017383 , -1.8695814183742698
-14.035740972985309 , -0.5642882212809722 , -1.86763063278428
-14.035722628641258 , -0.5642961301103476 , -1.8635316333623921
-14.035703795480849 , -0.5643032150323565 , -1.8566009457105546
-14.035678190782017 , -0.5642588422419484 , -1.8508090273716826
-14.035676650896706 , -0.5642578860162615 , -1.846097591561839
-14.035657987070152 , -0.5642611684361556 , -1.8438977994152215
-14.03564561305757 , -0.56424244693855 , -1.8417390061145043
-14.035637261335811 , -0.5642368492414143 , -1.8392798160104153
-14.035604188380347 , -0.5642253913401674 , -1.8346010831412563
-14.035578169670679 , -0.5642264433553119 , -1.8271070973161865
-14.035559552677343 , -0.5642187170011188 , -1.821062431563976
-14.035548710564363 , -0.5642197609952013 , -1.8167644783463552
-14.035536417777623 , -0.5642196128069892 , -1.814374187442576
-14.035539248119074 , -0.5642189582938071 , -1.812357880669418
-14.0354953293032 , -0.5642102044355696 , -1.8054836992850014
-14.035481223745986 , -0.5642266355915327 , -1.799087836848417
-14.035479760929759 , -0.5642113504265216 , -1.7969743520555483
-14.035476124525513 , -0.5642192300321262 , -1.7949647314783528
-14.035456833112157 , -0.5642412623494771 , -1.7888261967224883
-14.035434111732453 , -0.564223639535404 , -1.7827821195911984
-14.035405745766823 , -0.5642225773210352 , -1.778149883302515
-14.035401298867736 , -0.5642158654646372 , -1.7759682218646142
-14.035386695465629 , -0.5642206471988355 , -1.773727743921688
-14.035375417010345 , -0.5642122246577819 , -1.7712600689227136
-14.035362464711199 , -0.5642069679028194 , -1.7643925655134183
-14.03531815534186 , -0.5641965656161538 , -1.7577270640820921
-14.035300404864712 , -0.5641977978983442 , -1.753461147238502
-14.035277178913521 , -0.5642003892321583 , -1.750967468816379
-14.035261441771565 , -0.5642010133201675 , -1.7486028347782345
-14.035242683435042 , -0.5642145931620252 , -1.7442721906388687
-14.03520289791994 , -0.5641857255643485 , -1.7355378063205682
-14.035163154677274 , -0.564216309975322 , -1.729754775626233
-14.035152093800907 , -0.5642201126725882 , -1.7268324203171592
-14.03512534394096 , -0.5642361515905637 , -1.7239635324678408
-14.035104933297537 , -0.5642473789588547 , -1.7211467397066136
-14.035079370243697 , -0.5642500629595587 , -1.711118050118673
-14.035030240689673 , -0.5642453093553413 , -1.7049618430156692
-14.035010653824681 , -0.564240229064128 , -1.70211429678202
-14.034986918197857 , -0.5642255196056072 , -1.6987930657790193
-14.034978929768274 , -0.5642228228141148 , -1.6931341162853308
-14.034956618392098 , -0.5642223867504869 , -1.6882332538262874
-14.034949960487213 , -0.5642245651992408 , -1.6834539375782183
-14.03492925853363 , -0.5642254195576318 , -1.6789934054900755
-14.034919407294286 , -0.5642169650944727 , -1.6747217717053882
-14.034908090084343 , -0.5642260335647676 , -1.668601423835313
-14.034907129524488 , -0.5642143932232075 , -1.6641519366964517
-14.034898883275147 , -0.5642227877432175 , -1.6619410429791417
-14.034882443760337 , -0.5642247811076906 , -1.6593778534659958
-14.034848068307975 , -0.5642263495350259 , -1.6544190890318433
-14.034812245940321 , -0.5642399027938358 , -1.6469103613107443
-14.034806726853905 , -0.5642504285518649 , -1.6426462173836713
-14.034802134803721 , -0.564245780328324 , -1.6405310840755292
-14.034788593493587 , -0.564238447204101 , -1.6379857803838713
-14.034758839725143 , -0.5642529769283025 , -1.6332105103388133
-14.034742816781145 , -0.5642595532098732 , -1.6288258024883344
-14.034721511592062 , -0.5642802516476146 , -1.624041052390463
-14.034717297618544 , -0.56429025122729 , -1.6174617999318173
-14.034689517131065 , -0.5642772337605549 , -1.6110593746841986
-14.034690290623999 , -0.5642981868772484 , -1.6068323867649066
-14.034680032980086 , -0.5642984592703746 , -1.604661872458703
-14.034679848431331 , -0.5643047653002958 , -1.6024274050579483
-14.034636164027216 , -0.5643174409490607 , -1.597852671272087
-14.034628877507126 , -0.5643280335644121 , -1.5930272579206757
-14.034604773149958 , -0.5643147329492273 , -1.5854920014073821
-14.034600916281052 , -0.5643284588345143 , -1.5805571464692179
-14.03459468840722 , -0.5643332510580891 , -1.578371420503538
-14.03459234117505 , -0.5643469437431472 , -1.5761955881337892
-14.034585052464177 , -0.564345966257982 , -1.5739849147283076
-14.034555502947153 , -0.5643639590826148 , -1.5673872365901493
-14.034548877616823 , -0.5643776869874828 , -1.560844748618313
-14.03453805337925 , -0.5643690155232558 , -1.5560970928135542
-14.034534730474014 , -0.5643859110117943 , -1.5519706781103846
-14.034542262881672 , -0.5643952724377729 , -1.5498430645849441
-14.034506490069711 , -0.5644070779718432 , -1.5430048259215703
-14.034497958425206 , -0.5644229288840649 , -1.5366118852736315
-14.034480522936548 , -0.5644267285634171 , -1.532181440857368
-14.034470111975256 , -0.564425675960463 , -1.529466026825528
-14.034459044608072 , -0.5644205874551445 , -1.5269517148169778
-14.034444293488153 , -0.564423580234302 , -1.5227198702470006
-14.034426659924206 , -0.5644440534101217 , -1.518381507653835
-14.034417970047311 , -0.5644472275457443 , -1.5138733097335177
-14.034406360184965 , -0.5644449598786363 , -1.5064003717176964
-14.034378055601675 , -0.5644504731902622 , -1.499595586794674
-14.034354745277984 , -0.5644531313509641 , -1.4945116310047617
-14.034341482761734 , -0.5644660906370602 , -1.4921185642801986
-14.034344560316574 , -0.5644824144295508 , -1.4899554205923928
-14.034334331647953 , -0.5644734571570615 , -1.4853444893896655
-14.034316338973964 , -0.5644829429176437 , -1.480634159895704
-14.034304466653419 , -0.5645040052320154 , -1.474162574960842
-14.034288058233395 , -0.5645267142513545 , -1.4673927859778078
-14.034284999147268 , -0.5645203665364327 , -1.4623665433167123
-14.034270684706794 , -0.5645234997793186 , -1.4596730480592661
-14.034289569567063 , -0.5645266209873268 , -1.4573559564240528
-14.034255546746314 , -0.5645396071440536 , -1.4523158097310083
-14.034252243686188 , -0.5645351906327014 , -1.447065109196039
-14.034233064904237 , -0.5645490264249062 , -1.4402071771476623
-14.034216435254336 , -0.5645449946858735 , -1.4353362484666097
-14.034207351826998 , -0.5645454381897183 , -1.4306435454561472
-14.03419866572048 , -0.564553837571119 , -1.4261834215215443
-14.034144758492262 , -0.5647785671573041 , -1.4154138417270685
-14.034085869766592 , -0.5648671650775998 , -1.4051987824739942
-14.033948643991792 , -0.5652356665610806 , -1.3996825952705376
-14.033342032148648 , -0.568011795977869 , -1.394446689085945
-14.032286021691371 , -0.5733120296212628 , -1.390104553238786
-14.026481541045607 , -0.6050123920860007 , -1.3974166890326971
-14.025199705824555 , -0.6121749591398328 , -1.399930087374594
-14.024059692124032 , -0.6190009103238309 , -1.4035446820621533
-14.022869950301857 , -0.6261806543622994 , -1.4079874341060195
-14.020547234559023 , -0.640772123205842 , -1.4212244401013736
-14.018520431280441 , -0.6551558998604701 , -1.43659879139281
-14.016099233642793 , -0.674843835344394 , -1.4576864765618331
-14.014933434402561 , -0.6864177539078952 , -1.4716301158067187
-14.014370126632219 , -0.6927730381725484 , -1.4794766867138407
-14.01383854327606 , -0.6992213436652837 , -1.4874587706244538
-14.013083341607128 , -0.7122919690571805 , -1.5050987530390803
-14.012304443065489 , -0.7323254191833566 , -1.5323730975224257
-14.011988015742903 , -0.745264538100761 , -1.5486415134893226
-14.011913463617605 , -0.7516079243488172 , -1.5563388126998274
-14.01188466577204 , -0.7578628702895439 , -1.564253333265291
-14.011955573612836 , -0.770125532391883 , -1.5797412829529822
-14.012264394580306 , -0.7823050645599733 , -1.5972762536440785
-14.012737628711 , -0.7932454072668579 , -1.6121232340285272
-14.013464829018442 , -0.8043988909264547 , -1.6288537548966087
-14.01473539931656 , -0.8208636733662712 , -1.6583063939430402
-14.016636577420481 , -0.8376058325714887 , -1.6894516541318465
-14.018223860689918 , -0.8485396976397896 , -1.7080214423830167
-14.019806294220052 , -0.8589480713147271 , -1.7244958282302416
-14.021472498226364 , -0.8691083550406087 , -1.7394370152932888
-14.023988365998028 , -0.8827849256227083 , -1.7593349787990142
-14.025646149433756 , -0.8910085529126669 , -1.7718422774059321
-14.026487238194195 , -0.8949782651860576 , -1.7787142057126384
-14.027421851345874 , -0.8990126592721255 , -1.786564305548082
-14.028365096088825 , -0.9030603899431842 , -1.7943377826347942
-14.030377237728928 , -0.9112972573961298 , -1.8097122394103482
-14.03351384306702 , -0.9232148365181695 , -1.8309302492954127
-14.035613231044103 , -0.9308286523445097 , -1.8442894503005969
-14.03667610251047 , -0.9345027001943691 , -1.8507232137774483
-14.037718674789224 , -0.9381290675119995 , -1.8572093680368444
-14.039904713240384 , -0.9452217984016604 , -1.8724706938041276
-14.04219113502466 , -0.9522082094909571 , -1.88870158910125
-14.044618730945288 , -0.9592193670145396 , -1.904031431168786
-14.047090216255778 , -0.9661107937276554 , -1.9186219949856413
-14.04928085595637 , -0.9722110667867331 , -1.9314072759322416
-14.052646340014334 , -0.9805468868768203 , -1.9508887554783982
-14.056389076533998 , -0.9894297821168432 , -1.971969933302553
-14.059930310423901 , -0.9975533646552517 , -1.9937051803652057
-14.06120188165401 , -1.0002237887834409 , -2.000666070403222
-14.063709407848036 , -1.0055655191660464 , -2.0149905488606548
-14.066313029803268 , -1.0108786134803707 , -2.0303476931899582
-14.068950859136415 , -1.0160032204159244 , -2.0446219712358404
-14.071709783302149 , -1.0212669977111182 , -2.0594162956156716
-14.076043833828344 , -1.0290374960506732 , -2.081226618199363
-14.080241780162124 , -1.0364121425453017 , -2.1013824266947965
-14.083022371343947 , -1.0410155449379557 , -2.114143236225935
-14.084337210527211 , -1.043204389657228 , -2.1210832523532352
-14.085643626983552 , -1.045299603294729 , -2.1278506623941844
-14.086934732924849 , -1.0473602078616098 , -2.1343887686554583
-14.090896389583062 , -1.0534858640037617 , -2.1548436760835767
-14.093576841986128 , -1.0575425356467283 , -2.1669052549973764
-14.094909686822717 , -1.0595059807511937 , -2.173026482817753
-14.096147420219303 , -1.0613799909441126 , -2.1793611980550636
-14.100888569816144 , -1.068180363850669 , -2.208199258472397
-14.103788931123407 , -1.0721616303027666 , -2.230696921283872
-14.104768963501913 , -1.073449049826748 , -2.237659558027206
-14.105718326660606 , -1.074661543828888 , -2.244274331455472
-14.10751069918443 , -1.0768920097308787 , -2.258047544489504
-14.109324305268656 , -1.0790871100431803 , -2.2706515941880685
-14.112555637612507 , -1.0828805871742015 , -2.290255708147286
-14.114547019055065 , -1.085143481558919 , -2.303954624603813
-14.115627607429477 , -1.086367408060308 , -2.310329419250646
-14.116821780636146 , -1.0877226404085045 , -2.3166626253638216
-14.119252886712317 , -1.0903654431002565 , -2.328567890100408
-14.121121372137566 , -1.092490594929637 , -2.3389430828781093
-14.122901647510176 , -1.0943749673500955 , -2.3506545551581692
-14.126365502448417 , -1.0980513788207755 , -2.3725556570472723
-14.128098440970327 , -1.099840832174219 , -2.3848355204527096
-14.129105999877739 , -1.1007330367970365 , -2.3907855336918558
-14.130039002060366 , -1.1016431062247118 , -2.397150784071535
-14.131903360725746 , -1.1035189119139521 , -2.409735836708075
-14.133964091283724 , -1.105468531108295 , -2.4241510452911177
-14.136506117311141 , -1.1078249905058413 , -2.4428914519496914
-14.137832116976806 , -1.1090176396739893 , -2.454865358369135
-14.138424059329394 , -1.1095276275964674 , -2.4612046840351764
-14.139005284710203 , -1.1100274723491264 , -2.4674129151496045
-14.13961067639665 , -1.1104677908701817 , -2.4748827726578386
-14.140726676246048 , -1.111391775206319 , -2.490164405390745
-14.141868373331079 , -1.1123001364824638 , -2.5058794406183957
-14.143073578490649 , -1.1131803589541567 , -2.5216983390425685
-14.144331170565481 , -1.1141557460367701 , -2.5374625879795403
-14.14577690541802 , -1.115126351571056 , -2.5524804431996855
-14.147766182753315 , -1.116417014987199 , -2.576504881570142
-14.14973832851828 , -1.1176809877207472 , -2.599610132501021
-14.151659459085675 , -1.1188778883763566 , -2.6212232428177673
-14.152789310593036 , -1.1195475260478298 , -2.637386525364049
-14.153427589030246 , -1.1198682153491104 , -2.6454259282736343
-14.15406067041378 , -1.120159517723569 , -2.6539134562654847
-14.155324165905002 , -1.120802027449516 , -2.671135788269317
-14.156721750225493 , -1.1214067635746694 , -2.688664380804337
-14.158159267133916 , -1.12212977312314 , -2.7041695662536323
-14.160322859380756 , -1.1230658416002117 , -2.7297434991416942
-14.162305519080148 , -1.1238213173108138 , -2.7543464728283396
-14.16378347317223 , -1.1243530032226532 , -2.771225276111617
-14.164507345010083 , -1.124598315859178 , -2.7794239067672954
-14.165266541346291 , -1.1248537358846957 , -2.7876143699031433
-14.166071512666383 , -1.1250863395420123 , -2.7962034913693063
-14.168235568515021 , -1.1258908551715885 , -2.821781426358032
-14.169465538769034 , -1.126316264869307 , -2.837943337785649
-14.170117837046874 , -1.1265081612424483 , -2.846087224533911
-14.170887477534484 , -1.1266759843347816 , -2.8544118483899332
-14.172152852230708 , -1.1270437768284813 , -2.870593303742092
-14.173742749932648 , -1.1273268115153359 , -2.8872457750897706
-14.175410977560725 , -1.127599297100234 , -2.903918399715224
-14.17704936487587 , -1.127928842399807 , -2.9191851066323227
-14.178586421952492 , -1.1282277988435827 , -2.9334487141439722
-14.181040815850428 , -1.12857339410535 , -2.9555740044817345
-14.18272015392064 , -1.1288233058707113 , -2.969812612930351
-14.18358908040326 , -1.1289253279049951 , -2.977222784427174
-14.184526130929212 , -1.129061182242112 , -2.984723848775795
-14.185211287940705 , -1.1291662587441564 , -2.9912534951133507
-14.185699738304194 , -1.1291508918899702 , -3.0080890659551938
-14.185571295890716 , -1.1291060174083585 , -3.023682746854129
-14.185691293979175 , -1.1290670732789514 , -3.0290542544842234
-14.186558866968497 , -1.129121556983925 , -3.0342582208232964
-14.188485360940641 , -1.1292746113115015 , -3.0452457592775293
-14.191290509712378 , -1.1294863432616817 , -3.0633427703420044
-14.191477052255609 , -1.1295000153431392 , -3.067692154238655
-14.191564168361207 , -1.1294634213939956 , -3.073068165266728
-14.191593825667258 , -1.1294086958626364 , -3.0846652950318707
-14.191622357934872 , -1.129363775723657 , -3.1023182711652755
-14.19173919320722 , -1.129257458532851 , -3.1201352853797544
-14.191679495767909 , -1.1292321467475746 , -3.1373951137664133
-14.191660098805505 , -1.1292129807969227 , 3.1353750621337646
-14.191601482289288 , -1.129232142640332 , 3.129615095664004
-14.19153838168153 , -1.1292158520798798 , 3.1238901020584042
-14.19153545156615 , -1.1291691571853184 , 3.1126906706782504
-14.191418139824814 , -1.1291460106666698 , 3.099152950197763
-14.191263766727781 , -1.129154257974231 , 3.090519432789801
-14.191165300206848 , -1.1291562447759305 , 3.0858256721808672
-14.191172309262848 , -1.1291605113956429 , 3.0809752793312124
-14.193113605998104 , -1.1289028710086484 , 3.0713508477722358
-14.205798355653199 , -1.127818972189486 , 3.0614023961975425
-14.221026740588528 , -1.1264027914399313 , 3.0536922309593626
-14.231423408320204 , -1.1254394293204275 , 3.050332170277421
-14.242042025232807 , -1.124499488804426 , 3.0462769356441
-14.258698671384725 , -1.123414900948088 , 3.0340733204424986
-14.268761802235304 , -1.122445499928495 , 3.026019426479627
-14.280978373662292 , -1.1210433735297973 , 3.030366992066101
-14.2858928731157 , -1.1204904335068437 , 3.0313585793833924
-14.286887271166117 , -1.1203804139326736 , 3.0313582728166053
-14.28773144914102 , -1.1202959172078246 , 3.0311735920335034
-14.28810243777459 , -1.1202777186806372 , 3.0267818805225737
-14.288135260536752 , -1.1202759692335986 , 3.0159153909033956
-14.298104461236045 , -1.118925241316985 , 3.0144548200718173
-14.301714484018904 , -1.1184304799585256 , 3.0184336291214264
-14.305330651963683 , -1.1179858681654211 , 3.02194223415125
-14.311838427954093 , -1.1171927217454638 , 3.0275644854149846
-14.312044414433183 , -1.1171567190251583 , 3.0230305607755894
-14.312077200783339 , -1.1171412499333329 , 3.0195000731118693
-14.31232423548709 , -1.1170619412746583 , 3.0158462570653644
-14.316027112911678 , -1.1165618720776276 , 3.014407627396716
-14.32009849302095 , -1.1160537476432029 , 3.017149927262939
-14.324172834551328 , -1.1155680586318317 , 3.0204908862514164
-14.328540673040239 , -1.115045913953474 , 3.0232454868631047
-14.34095885409907 , -1.113607009196059 , 3.025161166524957
-14.382496259119 , -1.1085789737225442 , 3.0125839084048254
-14.403873386033581 , -1.105670524582115 , 3.001450522193848
-14.414601712693662 , -1.1041164620260824 , 2.9951341999011896
-14.42542860177501 , -1.1024732135702835 , 2.9891084626992224
-14.447061919675448 , -1.0989637487898745 , 2.977447455641259
-14.46869532349611 , -1.0951769536498108 , 2.9651357307742394
-14.489764653291662 , -1.0911686723404144 , 2.9506556842267355
-14.521117824256262 , -1.084633787604554 , 2.9284789733656913
-14.531823594468456 , -1.0822497647828806 , 2.9205633074124524
-14.542546542046187 , -1.0797199844098495 , 2.912852036989527
-14.563940922594407 , -1.0745273458810964 , 2.8990683442758627
-14.58538932597682 , -1.0690301979767904 , 2.8878741150860123
-14.606781758680512 , -1.0633514153434296 , 2.8765249186852198
-14.638654264938852 , -1.0542631654678563 , 2.8580914001665603
-14.659668878670564 , -1.0479431734068703 , 2.845115017872094
-14.670147010832116 , -1.0447014663833865 , 2.83837685887071
-14.680558305737971 , -1.0413669225469038 , 2.831880540022531
-14.701360659247046 , -1.034551925882944 , 2.8197911026674056
-14.722139758777512 , -1.0274545834058666 , 2.807238625759592
-14.753217241383561 , -1.0163134741800524 , 2.7907630005499384
-14.763596950752447 , -1.0124668575712747 , 2.785247609638512
-14.773890962187982 , -1.0085883129865167 , 2.779809341151404
-14.784161230125168 , -1.004639307585022 , 2.774124938122992
-14.814774641494644 , -0.9925146073272745 , 2.7547897210774597
-14.845244559618532 , -0.9797469046989924 , 2.738253827246441
-14.865378416028184 , -0.9710453279418307 , 2.728179302881434
-14.875383800933879 , -0.9666219468260263 , 2.723105595809867
-14.88538577084839 , -0.962139351890999 , 2.7180188217166945
-14.905325274367742 , -0.9530282502361933 , 2.7080607834385586
-14.925155559171754 , -0.9437293859546528 , 2.6989237716442847
-14.944899208363521 , -0.9342610324980718 , 2.6891315830293374
-14.964593675169109 , -0.9245755332417246 , 2.678983197861975
-14.994018785641114 , -0.9096209935693216 , 2.664353976026249
-15.0232033709379 , -0.8943292773181858 , 2.6522851934311324
-15.042620478092271 , -0.883864552975841 , 2.642585951772075
-15.052292067092353 , -0.8785884765666662 , 2.638384076808479
-15.06186693726173 , -0.873313532110402 , 2.634327421324255
-15.081025721627777 , -0.862601628230737 , 2.627042946319812
-15.090601040480147 , -0.8571890637611373 , 2.62339310108312
-15.10007641112231 , -0.8517395167175281 , 2.6197323534157584
-15.119022201332976 , -0.8407500971303465 , 2.611555854142014
-15.137895506949764 , -0.8296414364569709 , 2.6038761539912816
-15.155891489356943 , -0.8188236391862918 , 2.5956834303243017
-15.18356234594404 , -0.8018017733434557 , 2.5849530042059876
-15.202132270913602 , -0.7901584861168877 , 2.5782558224182073
-15.211449421622486 , -0.7842723641624488 , 2.5747498014359844
-15.220723748933489 , -0.7783609293806367 , 2.5713232682279603
-15.229952614625532 , -0.772440596402726 , 2.5683178656940644
-15.257584607012472 , -0.7544804412379261 , 2.5591752577620417
-15.275864620537089 , -0.7423707996197365 , 2.552209351744398
-15.284980744450634 , -0.7362604862182512 , 2.5491238855572185
-15.294112316207235 , -0.7300860504256086 , 2.5455828811492784
-15.312281318374692 , -0.7176516560329357 , 2.5376398978123844
-15.329857536170415 , -0.705535678862773 , 2.5309727667392066
-15.356451494252935 , -0.6867873698463323 , 2.5218120637269488
-15.374311708602752 , -0.6739430205349771 , 2.5141003764934307
-15.383190560137374 , -0.667483571631203 , 2.5100811420145632
-15.39206009299033 , -0.6609871853864717 , 2.5072061762094813
-15.409711809822937 , -0.6479417469553498 , 2.502291141612977
-15.427226651334676 , -0.6348438772081847 , 2.4961173978766706
-15.443917241425972 , -0.6222143019727655 , 2.4910261797560316
-15.461066717676285 , -0.6091017732761552 , 2.4867420435275096
-15.486667074599257 , -0.5892928407742696 , 2.479278488883896
-15.503675290180547 , -0.5759624869434588 , 2.4742270233845196
-15.512249248901643 , -0.5691998665616894 , 2.472146075793557
-15.520491469221446 , -0.562674931819078 , 2.4698063147993983
-15.536966042636472 , -0.5494814269273272 , 2.4642241256604236
-15.562621866347467 , -0.5287590857715354 , 2.4577457183471543
-15.587764279231681 , -0.5081828835357768 , 2.4519365736794203
-15.604641357924468 , -0.4942033124886512 , 2.44670772995174
-15.612943779959785 , -0.4872725847474899 , 2.444179358819951
-15.621136793475365 , -0.48041476045626574 , 2.4416083027347697
-15.63700048718308 , -0.46702489988864654 , 2.43708846038441
-15.652332151723547 , -0.453972938885999 , 2.43257682102292
-15.66753376413211 , -0.44089408146786985 , 2.428475109512339
-15.689228093286541 , -0.4220317654963741 , 2.4216403680530787
-15.710312342355435 , -0.4034470760898715 , 2.414728258370932
-15.717074255308043 , -0.39742574449126217 , 2.4122903040796007
-15.73052968528141 , -0.3854011541112635 , 2.4076187651061915
-15.743421693385217 , -0.3737194449340049 , 2.40246101422338
-15.762237063757368 , -0.3564505506774984 , 2.3945551949914066
-15.780256736272392 , -0.3396877008890811 , 2.3867674568529114
-15.797366664226896 , -0.32352583543820057 , 2.379548826833343
-15.808311515754442 , -0.3130540361503521 , 2.3743904284370783
-15.813686658075166 , -0.3078863024921522 , 2.3724980851267587
-15.819013476493916 , -0.3027209025944284 , 2.3703750913320354
-15.829466949443217 , -0.2925004578644851 , 2.365008320603126
-15.844717588772161 , -0.2774528057330023 , 2.3571859386041654
-15.854407468773188 , -0.2677794404705577 , 2.352177288642153
-15.859064856486825 , -0.26306213626149794 , 2.3497073672799833
-15.863704395028446 , -0.25834788739046055 , 2.347135657903983
-15.868293849867232 , -0.25365242378018626 , 2.343999356895985
-15.877271068528627 , -0.24443047361054182 , 2.339058396294801
-15.890300343229931 , -0.2308735623023335 , 2.331324878265178
-15.894500682284942 , -0.22646248357541143 , 2.3288607594802113
-15.898650904703175 , -0.22210728656072926 , 2.3267114770168775
-15.902725619009932 , -0.21780340881716634 , 2.3245316069027555
-15.910661838033555 , -0.20934120227916833 , 2.3201405990281123
-15.918452150623967 , -0.20094766147244073 , 2.314604566501449
-15.92606414610982 , -0.1926469804968456 , 2.3097862683436543
-15.93699460633768 , -0.18058713821232936 , 2.301991364905446
-15.944043070444815 , -0.17273653808653147 , 2.2972147342389277
-15.947504710830136 , -0.16885674553049893 , 2.2947909045669705
-15.950884639136623 , -0.16505377768121168 , 2.2926701381315575
-15.957475351632644 , -0.15752931249926433 , 2.287650491001587
-15.967217692810337 , -0.14632556253666715 , 2.2805210062944417
-15.973314162394148 , -0.13920335463867975 , 2.2752760070687805
-15.976304716110697 , -0.13568489045106058 , 2.2728722027773456
-15.979215010007616 , -0.13222817159827205 , 2.2705477000926777
-15.984989932688643 , -0.12533917723606902 , 2.265149012491192
-15.993400413075781 , -0.11519236850960535 , 2.2566453000102413
-15.99875230274719 , -0.10862027466585565 , 2.2510928017551888
-16.00135969172928 , -0.1053800945969274 , 2.2484751816895594
-16.003991590021307 , -0.10212693192574115 , 2.2462195488737273
-16.006561271155466 , -0.09893583447984425 , 2.244248591067568
-16.01152342268578 , -0.09270483609921003 , 2.2385840625526394
-16.018458233817288 , -0.08384497772005929 , 2.230382271170042
-16.02078155245954 , -0.080852502011997 , 2.2277129706357286
-16.023049498528586 , -0.07792289107397958 , 2.2254173525533183
-16.025197142047254 , -0.07513794883222832 , 2.223103112305369
-16.031528763876917 , -0.06681824221881734 , 2.215777575946684
-16.03767610893296 , -0.058644112620978496 , 2.2089704465526636
-16.04160707502898 , -0.053369731404568785 , 2.2047882302026656
-16.043526990332435 , -0.05076544932718673 , 2.2025508990799882
-16.04539999934378 , -0.0482083151434821 , 2.2000356839171618
-16.049136864653487 , -0.04307181859802037 , 2.1950986117859577
-16.050934723023865 , -0.04057094087581693 , 2.192699685596671
-16.05271159980805 , -0.03808237162338664 , 2.189655568214996
-16.056222502620876 , -0.033136365084548286 , 2.1843845883063784
-16.061238382332906 , -0.025924913410495916 , 2.1759254510125725
-16.064416143440276 , -0.02126736075044955 , 2.168050947470164
-16.065982992403228 , -0.01900883905459364 , 2.164507966338901
-16.067463622414845 , -0.01678950407859626 , 2.1615494800659256
-16.070393114378014 , -0.012436296352947615 , 2.1562666235721193
-16.073256297007507 , -0.008095791342362657 , 2.1516131668772407
-16.076012328212947 , -0.0038891336996608296 , 2.146467545094686
-16.07867368563029 , 0.00018548581337343275 , 2.14046854874914
-16.08116191764421 , 0.004088589527624044 , 2.135213956021828
-16.083572228318637 , 0.007926636961013001 , 2.1290891810327346
-16.08707234787837 , 0.013599856016424225 , 2.1165657430855305
-16.090316718617792 , 0.01903211444734938 , 2.1073322116615216
-16.092413423253422 , 0.022560490481504627 , 2.1022299319054114
-16.093443461465384 , 0.024313439619765308 , 2.0996522882674995
-16.09443658901539 , 0.02597401463231306 , 2.096509103911749
-16.096356653483596 , 0.029352493893521334 , 2.0892658433405122
-16.098225001016235 , 0.03262741984310559 , 2.0826695227060577
-16.100052421593666 , 0.03587490751522535 , 2.0773770143711006
-16.100928620081003 , 0.037474713072487356 , 2.0743389575260918
-16.101757473918127 , 0.03900548737399252 , 2.0716281323763717
-16.102602230138114 , 0.04051165573925747 , 2.0684758608807026
-16.104200308876138 , 0.04348332875665632 , 2.060908994483807
-16.106536418839656 , 0.0479394306495668 , 2.0502796446452702
-16.108762638082396 , 0.05219093237973912 , 2.043262051810346
-16.109493112491073 , 0.0536031653639723 , 2.040888609257773
-16.110852100713473 , 0.05625483272348043 , 2.0362566521325047
-16.11216242717039 , 0.05887693975455889 , 2.029293550123108
-16.113421067426962 , 0.06144325151713288 , 2.0207623031863546
-16.11518121826832 , 0.06511821788757417 , 2.012086808167966
-16.11574462598842 , 0.0663036281951626 , 2.009704064868411
-16.116308490376174 , 0.06752039159686524 , 2.0070066178616055
-16.11686647967953 , 0.06870364798198522 , 2.0042418308740717
-16.118459635586692 , 0.07218536186418144 , 1.99485456224928
-16.119411567596256 , 0.07437478812031371 , 1.987598935132393
-16.11986543980585 , 0.07542823612492523 , 1.9836527540477953
-16.120781399687605 , 0.07750325239025656 , 1.9770747170624554
-16.122083799588072 , 0.08057134691139213 , 1.96874237504798
-16.122507247926816 , 0.08157572358237479 , 1.9656519569388835
-16.12290282487694 , 0.08253642943327269 , 1.9619987991628052
-16.1236507896299 , 0.08441894619287264 , 1.9541114293601816
-16.124386477856824 , 0.0862994111268184 , 1.9460561677182955
-16.12578876411318 , 0.09004198305271956 , 1.9323942345793839
-16.126127002687554 , 0.09097058505287443 , 1.9297405412264637
-16.12647507745878 , 0.09190621484045795 , 1.9259084403168236
